No	サーヴァント名	クラス	レアリティ	BaseHP	MaxHP	BaseAtk	MaxAtk	天地人	A_N/A	B_N/A	Q_N/A	EX_N/A	N_N/A	N/D	SR	SW	DR	AHIT	BHIT	QHIT	EXHIT	宝具HIT	カード	性別	属性	性格	特性
001	マシュ・キリエライト	盾	4	2,060	11,516	1,455	7,815	地	0.84	0.84	0.84	0.84	0.84	3	9.9	99	24.5	2	1	2	3	0	ＱＡＡＢＢ	女	秩序	善	騎乗 今を生きる人類 円卓 夏モード@衣
001	マシュ・キリエライト	盾	3	1,854	10,302	1,261	6,791	地	0.84	0.84	0.84	0.84	0.84	3	9.9	99	24.5	2	1	2	3	0	ＱＡＡＢＢ	女	秩序	善	騎乗 今を生きる人類 円卓
002	アルトリア・ペンドラゴン	剣	5	2,222	15,150	1,734	11,221	地	0.86	0.86	0.86	0.86	0.86	3	10	102	21	2	1	2	3	1	ＱＡＡＢＢ	女	秩序	善	騎乗 竜 ｱﾙﾄﾘｱ顔 ｱｰｻｰ 円卓 王
003	アルトリア・ペンドラゴン〔オルタ〕	剣	4	1,854	11,589	1,708	10,248	人	0.86	0.86	0.86	0.86	0.86	3	9.9	99	19.2	2	1	2	3	3	ＱＡＡＢＢ	女	秩序	悪	竜 ｱﾙﾄﾘｱ顔 ｱｰｻｰ 円卓 王
004	アルトリア・ペンドラゴン〔リリィ〕	剣	4	1,699	10,623	1,287	7,726	地	0.86	0.86	0.86	0.86	0.86	3	10	102	21	2	1	2	3	8	ＱＡＡＢＢ	女	秩序	善	騎乗 竜 ｱﾙﾄﾘｱ顔 ｱｰｻｰ 王
005	ネロ・クラウディウス	剣	4	1,880	11,753	1,574	9,449	人	0.84	0.84	0.84	0.84	0.84	3	10.1	102	24.5	2	1	2	5	1	ＱＡＡＢＢ	女	混沌	善	騎乗 ﾛｰﾏ ｱﾙﾄﾘｱ顔 王
006	ジークフリート	剣	4	2,266	14,165	1,363	8,181	地	0.83	0.83	0.83	0.83	0.83	3	10	97	28	2	1	2	3	1	ＱＡＡＢＢ	男	混沌	善	騎乗 竜 愛する者 王 夏モード@衣
007	ガイウス・ユリウス・カエサル	剣	3	1,727	9,595	1,392	7,497	人	1.1	1.1	1.1	1.1	1.1	3	10	99	31.5	2	1	2	3	10	ＱＱＡＢＢ	男	中立	中庸	騎乗 神性 ﾛｰﾏ 愛する者 王
008	アルテラ	剣	5	2,039	13,907	1,907	12,343	人	0.84	0.84	0.84	0.84	0.84	3	10.1	102	24.5	2	1	2	3	1	ＱＡＡＢＢ	女	混沌	善	騎乗 神性 王
009	ジル・ド・レェ	剣	3	1,889	10,498	1,228	6,615	人	0.82	0.82	0.82	0.82	0.82	3	9.9	98	31.5	2	1	2	3	0	ＱＡＡＢＢ	男	秩序	善	騎乗 愛する者
010	シュヴァリエ・デオン	剣	4	2,121	13,256	1,460	8,765	人	0.83	0.83	0.83	0.83	0.83	3	10	102	28	2	1	2	3	0	ＱＡＡＢＢ	-	中立	中庸	騎乗 性別不明
011	エミヤ	弓	4	1,843	11,521	1,566	9,398	人	0.51	0.51	0.51	0.51	0.51	3	7.9	145	31.5	3	1	2	5	10	ＱＡＡＡＢ	男	中立	中庸	愛する者 夏モード@衣
012	ギルガメッシュ	弓	5	1,920	13,097	1,897	12,280	天	0.34	0.34	0.34	0.34	0.34	3	7.9	153	31.5	5	5	5	8	1	ＱＡＡＢＢ	男	混沌	善	神性 王
013	ロビンフッド	弓	3	1,833	10,187	1,247	6,715	人	0.87	0.87	0.87	0.87	0.87	3	8	150	31.5	2	1	3	3	1	ＱＱＡＡＢ	男	中立	善	愛する者 童話 夏モード@衣
014	アタランテ	弓	4	1,996	12,476	1,438	8,633	地	0.5	0.5	0.5	0.5	0.5	3	8	148	31.5	2	1	3	3	10	ＱＱＡＡＢ	女	中立	悪	ｱﾙｺﾞﾉｰﾂ ｹﾓﾉ科
015	エウリュアレ	弓	3	1,711	9,506	1,306	7,032	天	0.9	0.9	0.9	0.9	0.9	3	7.9	156	22.5	2	1	3	3	1	ＱＱＡＡＢ	女	混沌	善	神性 神霊
016	アーラシュ	弓	1	1,424	7,122	1,057	5,816	地	0.84	0.84	0.84	0.84	0.84	3	8	147	45	2	1	3	3	1	ＱＡＡＢＢ	男	混沌	中庸	愛する者
017	クー・フーリン	槍	3	1,726	9,593	1,344	7,239	天	1.07	1.07	1.07	1.07	1.07	4	12.1	87	32	2	1	2	3	1	ＱＱＡＢＢ	男	秩序	中庸	神性 愛する者
018	エリザベート・バートリー	槍	4	1,899	11,870	1,520	9,122	人	1.1	1.1	1.1	1.1	1.1	4	11.8	90	24	2	1	2	3	5	ＱＱＡＢＢ	女	混沌	悪	竜
019	武蔵坊弁慶	槍	2	1,722	9,149	1,029	5,801	人	0.79	0.79	0.79	0.79	0.79	4	11.9	89	36	2	1	2	3	0	ＱＱＡＡＢ	男	混沌	善	愛する者 童話 源氏
020	クー・フーリン〔プロトタイプ〕	槍	3	1,817	10,098	1,315	7,082	天	1.08	1.08	1.08	1.08	1.08	4	12.1	88	28	2	1	2	3	1	ＱＱＡＢＢ	男	秩序	中庸	神性
021	レオニダス一世	槍	2	1,498	7,959	1,168	6,583	人	1.07	1.07	1.07	1.07	1.07	4	11.8	89	32	2	1	2	3	0	ＱＱＡＢＢ	男	秩序	中庸	王
022	ロムルス	槍	3	1,779	9,883	1,344	7,239	星	1.07	1.07	1.07	1.07	1.07	4	12.1	90	32	2	1	2	3	7	ＱＱＡＢＢ	男	混沌	中庸	ﾛｰﾏ 王 ｴﾇﾏ特攻無効
023	メドゥーサ	騎	3	1,608	8,937	1,337	7,200	地	0.58	0.58	0.58	0.58	0.58	3	9	194	35	3	1	2	3	1	ＱＱＡＡＢ	女	混沌	善	騎乗 神性 神霊
024	ゲオルギウス	騎	2	1,731	9,200	929	5,236	人	0.85	0.85	0.85	0.85	0.85	3	8.9	205	45	2	1	2	3	4	ＱＱＡＡＢ	男	秩序	善	騎乗 愛する者
025	エドワード・ティーチ	騎	2	1,488	7,907	1,097	6,188	人	0.56	0.56	0.56	0.56	0.56	3	8.8	198	45	3	1	2	3	5	ＱＡＡＢＢ	男	混沌	悪	夏モード@衣
026	ブーディカ	騎	3	1,823	10,130	1,168	6,289	人	0.85	0.85	0.85	0.85	0.85	3	8.9	196	45	2	1	2	3	0	ＱＱＡＡＢ	女	中立	善	騎乗 王
027	牛若丸	騎	3	1,625	9,028	1,314	7,076	人	0.87	0.87	0.87	0.87	0.87	3	9.1	204	35	2	1	2	3	1	ＱＱＡＡＢ	女	混沌	中庸	騎乗 愛する者 童話 源氏
028	アレキサンダー	騎	3	1,555	8,640	1,366	7,356	人	0.86	0.86	0.86	0.86	0.86	3	9	205	40	2	1	2	3	1	ＱＱＡＡＢ	男	中立	善	騎乗 神性 子供 王 ｷﾞﾘｼｬ男
029	マリー・アントワネット	騎	4	1,975	12,348	1,382	8,293	人	1	1	1	1	1	3	9	201	35	1	1	2	3	5	ＱＱＡＡＢ	女	秩序	善	騎乗
030	マルタ	騎	4	2,090	13,068	1,335	8,014	人	1.58	1.58	1.58	1.58	1.58	3	9	205	30	1	1	2	3	1	ＱＡＡＡＢ	女	秩序	善	騎乗 神性
031	メディア	術	3	1,555	8,643	1,377	7,418	地	1.64	1.64	1.64	1.64	1.64	3	10.9	50	34.5	1	1	2	3	1	ＱＡＡＡＢ	女	中立	悪	ｱﾙｺﾞﾉｰﾂ
032	ジル・ド・レェ	術	3	1,711	9,506	1,209	6,514	人	1.58	1.58	1.58	1.58	1.58	3	10.8	48	48	1	1	2	3	3	ＱＡＡＡＢ	男	混沌	悪	
033	ハンス・クリスチャン・アンデルセン	術	2	1,597	8,484	1,021	5,758	人	1.66	1.66	1.66	1.66	1.66	3	10.8	48	30	1	1	2	3	0	ＱＡＡＡＢ	男	秩序	中庸	子供
034	ウィリアム・シェイクスピア	術	2	1,520	8,080	1,028	5,798	人	1.59	1.59	1.59	1.59	1.59	3	10.8	50	45	1	1	2	3	4	ＱＡＡＡＢ	男	中立	中庸	
035	メフィストフェレス	術	3	1,659	9,216	1,270	6,839	地	0.81	0.81	0.81	0.81	0.81	3	11	50	36	2	1	2	3	1	ＱＡＡＡＢ	男	混沌	悪	
036	ヴォルフガング・アマデウス・モーツァルト	術	1	1,425	7,129	944	5,195	星	1.6	1.6	1.6	1.6	1.6	3	11	49	40.5	1	1	2	3	0	ＱＡＡＡＢ	男	中立	善	愛する者 ｴﾇﾏ特攻無効
037	諸葛孔明〔エルメロイⅡ世〕	術	5	2,091	14,259	1,637	10,598	人	1.64	1.64	1.64	1.64	1.64	3	10.8	50	34.5	1	1	2	3	0	ＱＡＡＡＢ	男	中立	善	愛する者 今を生きる人類
038	クー・フーリン	術	3	1,728	9,604	1,222	6,580	天	1.6	1.6	1.6	1.6	1.6	3	10.9	49	42	1	1	2	3	1	ＱＡＡＡＢ	男	秩序	中庸	神性 愛する者
039	佐々木小次郎	殺	1	1,244	6,220	1,042	5,735	人	1.05	1.05	1.05	1.05	1.05	4	25.3	102	55	2	1	2	4	3	ＱＱＱＡＢ	男	中立	悪	
040	呪腕のハサン	殺	2	1,429	7,594	1,114	6,280	人	1.07	1.07	1.07	1.07	1.07	4	25.2	97	44	2	1	3	3	1	ＱＱＱＡＢ	男	秩序	悪	
041	ステンノ	殺	4	1,843	11,518	1,497	8,985	天	2.26	2.26	2.26	2.26	2.26	4	25	104	27.5	1	1	2	3	0	ＱＱＱＡＢ	女	混沌	善	神性 神霊
042	荊軻	殺	3	1,492	8,293	1,338	7,207	人	1.05	1.05	1.05	1.05	1.05	4	25.2	98	55	2	1	2	3	1	ＱＱＱＡＢ	女	混沌	善	
043	シャルル＝アンリ・サンソン	殺	2	1,564	8,309	968	5,456	人	1.06	1.06	1.06	1.06	1.06	4	24.8	102	49.5	2	1	2	3	1	ＱＱＱＡＢ	男	秩序	悪	
044	ファントム・オブ・ジ・オペラ	殺	2	1,580	8,393	1,003	5,654	地	0.71	0.71	0.71	0.71	0.71	4	25.2	98	49.5	3	2	2	3	1	ＱＱＱＡＢ	男	混沌	悪	
045	マタ・ハリ	殺	1	1,313	6,565	977	5,377	人	2.1	2.1	2.1	2.1	2.1	4	24.6	98	55	1	1	2	3	0	ＱＱＱＡＢ	女	混沌	中庸	
046	カーミラ	殺	4	1,675	10,473	1,568	9,408	地	2.15	2.15	2.15	2.15	2.15	4	25.2	98	44	1	1	2	3	1	ＱＱＱＡＢ	女	混沌	悪	
047	ヘラクレス	狂	4	1,652	10,327	1,775	10,655	天	1.07	1.07	1.07	1.07	1.07	5	5	10	39	2	1	2	3	15	ＱＡＢＢＢ	男	混沌	狂	神性 ｱﾙｺﾞﾉｰﾂ ｷﾞﾘｼｬ男
048	ランスロット	狂	4	1,652	10,327	1,746	10,477	地	0.5	0.5	0.5	0.5	0.5	5	5	10	52	2	1	2	3	10	ＱＡＢＢＢ	男	秩序	狂	円卓
049	呂布奉先	狂	3	1,494	8,302	1,507	8,119	人	1.04	1.04	1.04	1.04	1.04	5	5	9	50.3	2	1	2	3	1	ＱＡＢＢＢ	男	混沌	悪	機械
050	スパルタクス	狂	1	1,544	7,722	922	5,073	人	1.01	1.01	1.01	1.01	1.01	5	4.9	9	65	2	1	2	3	1	ＱＡＢＢＢ	男	中立	中庸	ﾛｰﾏ
051	坂田金時	狂	5	1,782	12,150	1,964	12,712	人	1.03	1.03	1.03	1.03	1.03	5	5	9	52	2	1	2	3	1	ＱＡＢＢＢ	男	秩序	善	神性 愛する者 童話 源氏
052	ヴラド三世	狂	5	2,019	13,770	1,777	11,499	地	0.5	0.5	0.5	0.5	0.5	5	4.9	9	45.5	2	1	2	3	10	ＱＡＡＢＢ	男	混沌	悪	愛する者 王
053	アステリオス	狂	1	1,320	6,604	1,097	6,037	地	0.68	0.68	0.68	0.68	0.68	5	4.9	9	58.5	3	1	2	3	0	ＱＡＢＢＢ	男	混沌	悪	巨人 子供 ｷﾞﾘｼｬ男 ｹﾓﾉ科
054	カリギュラ	狂	2	1,374	7,303	1,211	6,831	人	0.68	0.68	0.68	0.68	0.68	5	5	9	56.8	3	1	2	3	0	ＱＡＢＢＢ	男	混沌	悪	ﾛｰﾏ 王
055	ダレイオス三世	狂	3	1,577	8,763	1,412	7,608	人	0.67	0.67	0.67	0.67	0.67	5	5	9	65	3	1	2	3	10	ＱＡＢＢＢ	男	秩序	中庸	巨人 王
056	清姫	狂	3	1,649	9,166	1,233	6,644	地	2.03	2.03	2.03	2.03	2.03	5	4.9	9	65	1	1	2	3	3	ＱＡＢＢＢ	女	混沌	悪	竜 子供
057	エイリーク・ブラッドアクス	狂	2	1,447	7,688	1,116	6,290	人	1.02	1.02	1.02	1.02	1.02	5	4.9	9	58.5	2	1	2	3	5	ＱＡＢＢＢ	男	混沌	中庸	王
058	タマモキャット	狂	4	1,833	11,458	1,504	9,026	地	0.71	0.71	0.71	0.71	0.71	5	5	10	39	3	2	2	3	5	ＱＡＢＢＢ	女	混沌	善	猛獣 ｹﾓﾉ科
059	ジャンヌ・ダルク	裁	5	2,420	16,500	1,482	9,593	星	0.76	0.76	0.76	0.76	0.76	3	10.1	99	21	2	1	2	3	0	ＱＡＡＡＢ	女	秩序	善	ｱﾙﾄﾘｱ顔
060	オリオン	弓	5	2,134	14,553	1,716	11,107	天	1	1	1	1	1	3	8	153	27	1	1	3	4	5	ＱＱＡＡＢ	男	混沌	中庸	ｷﾞﾘｼｬ男
061	エリザベート・バートリー〔ハロウィン〕	術	4	1,824	11,404	1,436	8,616	人	1.6	1.6	1.6	1.6	1.6	3	10.8	49	42	1	1	2	4	5	ＱＡＡＡＢ	女	混沌	悪	竜
062	玉藻の前	術	5	2,091	14,259	1,629	10,546	天	0.32	0.32	0.32	0.32	0.32	3	11	49	36	5	1	3	4	0	ＱＡＡＡＢ	女	中立	悪	神性 神霊 ｹﾓﾉ科
063	ダビデ	弓	3	1,555	8,643	1,436	7,736	天	0.76	0.76	0.76	0.76	0.76	3	8	153	36	2	1	2	3	1	ＱＡＡＡＢ	男	秩序	中庸	王
064	ヘクトール	槍	3	1,836	10,200	1,286	6,928	人	1.08	1.08	1.08	1.08	1.08	4	12.2	90	28	2	1	2	3	1	ＱＱＡＢＢ	男	秩序	中庸	騎乗 ｷﾞﾘｼｬ男
065	フランシス・ドレイク	騎	5	1,881	12,830	1,750	11,326	星	0.42	0.42	0.42	0.42	0.42	3	9	208	50	4	2	6	4	5	ＱＡＡＢＢ	女	混沌	悪	騎乗 ｴﾇﾏ特攻無効
066	アン・ボニー＆メアリー・リード	騎	4	1,805	11,286	1,504	9,029	人	0.84	0.84	0.84	0.84	0.84	3	9.1	200	50	2	1	2	3	6	ＱＱＡＡＢ	女	混沌	悪	
067	メディア〔リリィ〕	術	4	2,091	13,070	1,294	7,766	地	0.4	0.4	0.4	0.4	0.4	3	10.7	51	36	4	3	4	5	0	ＱＡＡＡＢ	女	秩序	善	ｱﾙｺﾞﾉｰﾂ
068	沖田総司	剣	5	1,939	13,225	1,865	12,068	人	1.09	1.09	1.09	1.09	1.09	3	10.2	98	35	2	1	5	3	3	ＱＱＡＢＢ	女	中立	中庸	騎乗 ｱﾙﾄﾘｱ顔 新選組
069	織田信長	弓	4	1,862	11,637	1,582	9,494	人	0.43	0.43	0.43	0.43	0.43	3	7.9	150	31.5	4	4	2	5	10	ＱＡＡＢＢ	女	秩序	中庸	王 信長
070	スカサハ	槍	5	2,174	14,825	1,758	11,375	星	0.71	0.71	0.71	0.71	0.71	4	12.2	88	32	3	6	2	7	1	ＱＱＡＢＢ	女	中立	善	王 ｹﾓﾉ科@衣
071	ディルムッド・オディナ	槍	3	1,817	10,098	1,277	6,877	地	0.79	0.79	0.79	0.79	0.79	4	12.3	87	36	2	2	2	4	2	ＱＱＡＡＢ	男	秩序	中庸	愛する者
072	フェルグス・マック・ロイ	剣	3	1,761	9,786	1,385	7,460	地	1.09	1.09	1.09	1.09	1.09	3	10	99	35	2	1	2	3	5	ＱＡＢＢＢ	男	秩序	中庸	騎乗 愛する者 王
073	アルトリア・ペンドラゴン〔サンタオルタ〕	騎	4	1,805	11,286	1,543	9,258	人	0.87	0.87	0.87	0.87	0.87	3	8.9	204	35	2	1	2	3	3	ＱＡＡＢＢ	女	秩序	善	騎乗 竜 ｱﾙﾄﾘｱ顔 ｱｰｻｰ 円卓 王
074	ナーサリー・ライム	術	4	1,901	11,882	1,438	8,629	人	0.54	0.54	0.54	0.54	0.54	3	10.8	50	36	3	1	3	3	3	ＱＡＡＡＢ	女	中立	中庸	童話 子供@2-3
075	ジャック・ザ・リッパー	殺	5	1,862	12,696	1,786	11,557	地	1.07	1.07	1.07	1.07	1.07	4	25.5	97	44	2	2	5	4	4	ＱＱＱＡＢ	女	混沌	悪	子供
076	モードレッド	剣	5	2,153	14,680	1,811	11,723	地	0.56	0.56	0.56	0.56	0.56	3	10	98	24.5	3	1	2	4	5	ＱＡＡＢＢ	女	混沌	中庸	騎乗 竜 ｱﾙﾄﾘｱ顔 円卓
077	ニコラ・テスラ	弓	5	2,027	13,825	1,820	11,781	星	0.87	0.87	0.87	0.87	0.87	3	7.9	147	31.5	2	1	3	3	3	ＱＡＡＢＢ	男	混沌	善	愛する者 ｴﾇﾏ特攻無効
078	アルトリア・ペンドラゴン〔オルタ〕	槍	4	1,881	11,761	1,661	9,968	天	0.74	0.74	0.74	0.74	0.74	4	11.8	88	23	3	1	2	4	4	ＱＱＡＢＢ	女	秩序	善	騎乗 竜 ｱﾙﾄﾘｱ顔 ｱｰｻｰ 円卓 王
079	ヴァン・ホーエンハイム・パラケルスス	術	3	1,711	9,506	1,246	6,711	人	0.55	0.55	0.55	0.55	0.55	3	10.8	50	36	2	1	2	3	3	ＱＡＡＡＢ	男	混沌	善	愛する者
080	チャールズ・バベッジ	術	3	1,959	10,887	1,113	5,996	人	0.91	0.91	0.91	0.91	0.91	3	10.8	48	36	2	1	2	3	4	ＱＡＡＢＢ	男	混沌	中庸	機械
081	ヘンリー・ジキル＆ハイド	殺	3	1,741	9,675	1,173	6,320	地	1.05	1.05	1.05	1.05	1.05	4	25.6	99	55	2	1	2	3	0	ＱＱＡＢＢ	男	秩序	善	愛する者
081	ヘンリー・ジキル＆ハイド	狂	3	1,546	8,592	1,402	7,551	地	1.02	1.02	1.02	1.02	1.02	5	5	9	58.5	2	1	2	3	0	ＱＱＡＢＢ	男	混沌	悪	
082	フランケンシュタイン	狂	4	1,710	10,687	1,573	9,441	地	0.83	0.83	0.83	0.83	0.83	5	4.9	10	58.5	2	1	2	3	6	ＱＡＢＢＢ	女	混沌	中庸	機械
084	アルジュナ	弓	5	1,940	13,230	1,907	12,342	天	0.51	0.51	0.51	0.51	0.51	3	8	154	31.5	3	3	2	5	1	ＱＡＡＡＢ	男	秩序	中庸	神性
085	カルナ	槍	5	1,999	13,632	1,850	11,976	天	0.72	0.72	0.72	0.72	0.72	4	12.2	88	28	3	1	3	4	5	ＱＱＡＢＢ	男	秩序	善	騎乗 神性 愛する者
086	謎のヒロインX	殺	5	1,862	12,696	1,817	11,761	星	0.81	0.81	0.81	0.81	0.81	4	25.6	98	38.5	2	1	4	4	12	ＱＱＡＡＢ	女	混沌	善	騎乗 竜 ｱﾙﾄﾘｱ顔 ｱｰｻｰ 王 ｴﾇﾏ特攻無効
087	フィン・マックール	槍	4	2,040	12,750	1,488	8,930	天	0.55	0.55	0.55	0.55	0.55	4	12.3	89	32	2	1	2	4	3	ＱＱＡＡＢ	男	中立	中庸	神性
088	ブリュンヒルデ	槍	5	2,174	14,825	1,766	11,432	天	1.07	1.07	1.07	1.07	1.07	4	12.2	87	32	2	1	3	5	5	ＱＱＡＢＢ	女	中立	善	騎乗 神性 神霊 戦乙女
089	ベオウルフ	狂	4	1,652	10,327	1,707	10,247	地	0.68	0.68	0.68	0.68	0.68	5	4.9	10	58.5	3	1	3	4	12	ＱＡＢＢＢ	男	混沌	善	愛する者 王
090	ネロ・クラウディウス〔ブライド〕	剣	5	2,089	14,248	1,793	11,607	人	0.7	0.7	0.7	0.7	0.7	3	10.1	102	35	3	1	3	5	2	ＱＡＡＢＢ	女	混沌	花嫁	騎乗 ﾛｰﾏ ｱﾙﾄﾘｱ顔 王
091	両儀式	剣	5	2,266	15,453	1,656	10,721	人	0.84	0.84	0.84	0.84	0.84	3	9.9	102	24.5	2	1	4	4	1	ＱＡＡＢＢ	女	中立	中庸	ｴﾇﾏ特攻無効 ｹﾓﾉ科@衣
092	両儀式	殺	4	1,768	11,055	1,477	8,867	人	0.8	0.8	0.8	0.8	0.8	4	25.6	102	44	2	1	4	5	3	ＱＱＡＡＢ	女	混沌	善	今を生きる人類 ｴﾇﾏ特攻無効
093	天草四郎	裁	5	2,069	14,107	1,695	10,972	人	0.86	0.86	0.86	0.86	0.86	3	10	100	21	2	1	3	7	1	ＱＡＡＢＢ	男	秩序	善	
094	アストルフォ	騎	4	1,787	11,172	1,489	8,937	地	0.66	0.66	0.66	0.66	0.66	1	9	205	40	2	1	2	4	1	ＱＱＱＡＢ	-	混沌	善	騎乗 性別不明
095	子ギル	弓	3	1,571	8,731	1,429	7,696	天	0.62	0.62	0.62	0.62	0.62	3	7.9	153	36	3	3	3	3	10	ＱＡＡＢＢ	男	混沌	善	神性 子供 王
096	巌窟王 エドモン・ダンテス	讐	5	1,785	12,177	1,953	12,641	人	0.62	0.62	0.62	0.62	0.62	5	5.9	30	7	2	3	4	5	8	ＱＱＡＢＢ	男	混沌	悪	夏モード@衣
097	ナイチンゲール	狂	5	2,232	15,221	1,573	10,184	人	0.77	0.77	0.5	0.77	0.77	5	5	10	56.8	2	1	6	5	0	ＱＡＡＢＢ	女	秩序	善	
098	クー・フーリン〔オルタ〕	狂	5	1,790	12,210	1,979	12,805	地	0.69	0.69	0.69	0.69	0.69	5	5.1	9	52	3	3	4	5	12	ＱＡＢＢＢ	男	混沌	悪	神性 愛する者
099	女王メイヴ	騎	5	2,048	13,968	1,591	10,296	地	0.86	0.86	0.86	0.86	0.86	3	9	208	40	2	1	3	7	5	ＱＡＡＢＢ	女	混沌	悪	騎乗 王
100	エレナ・ブラヴァツキー	術	4	1,901	11,882	1,438	8,629	人	0.45	0.45	0.45	0.45	0.45	3	10.7	51	36	3	1	6	3	3	ＱＡＡＡＢ	女	混沌	善	
101	ラーマ	剣	4	1,919	11,993	1,642	9,854	天	0.84	0.84	0.84	0.84	0.84	3	10.2	100	24.5	2	1	2	4	5	ＱＡＡＢＢ	男	秩序	善	騎乗 神性 愛する者 王
102	神槍 李書文	槍	4	1,817	11,360	1,608	9,653	人	0.52	0.52	0.52	0.52	0.52	4	12.2	87	40	3	1	3	5	3	ＱＱＡＡＢ	男	中立	悪	
103	トーマス・エジソン	術	4	1,901	11,882	1,325	7,952	人	0.51	0.51	0.51	0.51	0.51	3	10.6	51	60	3	3	3	5	1	ＱＡＡＡＢ	男	秩序	中庸	
104	ジェロニモ	術	3	1,642	9,123	1,273	6,857	人	0.9	0.9	0.9	0.9	0.9	3	11	49	40.5	2	1	2	4	1	ＱＡＡＢＢ	男	中立	善	愛する者
105	ビリー・ザ・キッド	弓	3	1,711	9,506	1,279	6,890	人	0.56	0.56	0.56	0.56	0.56	3	8	150	45	3	4	2	4	3	ＱＱＡＡＢ	男	混沌	中庸	騎乗
106	ジャンヌ・ダルク〔オルタ〕	讐	5	1,724	11,761	2,046	13,244	人	0.83	0.83	0.83	0.83	0.83	5	6	29	5.7	2	4	3	7	10	ＱＡＡＢＢ	女	混沌	悪	ｱﾙﾄﾘｱ顔
107	アンリマユ	讐	0	1,502	7,981	1,008	5,683	人	0.79	0.79	0.79	0.79	0.79	5	6	29	9	2	1	3	4	0	ＱＱＡＡＢ	男	混沌	悪	
108	イスカンダル	騎	5	1,938	13,219	1,786	11,560	人	0.86	0.86	0.86	0.86	0.86	3	8.8	205	40	2	1	3	6	8	ＱＡＡＢＢ	男	中立	善	騎乗 神性 愛する者 王 ｷﾞﾘｼｬ男
109	エミヤ〔アサシン〕	殺	4	1,786	11,168	1,493	8,958	人	0.46	0.46	0.46	0.46	0.28	4	25.6	97	44	2	6	4	8	15	ＱＱＡＡＢ	男	混沌	悪	愛する者
110	百貌のハサン	殺	3	1,675	9,310	1,241	6,686	人	0.48	0.48	0.48	0.48	0.38	4	25.5	97	44	3	1	3	6	13	ＱＱＡＡＢ	女	秩序	悪	
111	アイリスフィール〔天の衣〕	術	4	1,996	12,476	1,372	8,237	天	0.42	0.42	0.42	0.42	0.42	3	10.8	50	34.5	3	3	3	4	0	ＱＡＡＡＢ	女	混沌	善	神性
112	酒呑童子	殺	5	1,881	12,825	1,853	11,993	地	0.55	0.55	0.55	0.55	0.55	4	25	98	31.6	3	1	4	6	1	ＱＱＡＡＢ	女	混沌	悪	神性 魔性 竜 鬼
113	玄奘三蔵	術	5	1,901	12,965	1,801	11,658	人	0.82	0.82	0.82	0.82	0.82	3	11	52	34.5	2	1	3	6	12	ＱＡＡＡＢ	女	秩序	善	神性
114	源頼光	狂	5	1,980	13,500	1,786	11,556	天	0.46	0.46	0.46	0.46	0.46	5	4.9	9	39	4	1	3	5	7	ＱＡＡＢＢ	女	混沌	善	騎乗 神性 源氏
115	坂田金時	騎	4	1,728	10,800	1,636	9,819	地	1.15	1.15	1.15	1.15	1.15	3	9	198	40	2	1	4	5	4	ＱＱＡＢＢ	男	秩序	善	神性 愛する者 童話 源氏
116	茨木童子	狂	4	1,752	10,954	1,606	9,636	地	1.03	1.03	1.03	1.03	1.03	5	4.9	10	52	2	1	4	5	1	ＱＡＢＢＢ	女	混沌	悪	魔性 子供 鬼
117	風魔小太郎	殺	3	1,592	8,844	1,316	7,091	人	0.54	0.54	0.54	0.54	0.54	4	25.6	100	38.5	4	1	4	4	5	ＱＱＱＡＢ	男	混沌	悪	夏モード@衣
118	オジマンディアス	騎	5	1,881	12,830	1,850	11,971	天	0.59	0.59	0.59	0.59	0.59	3	9	205	30	3	1	5	5	5	ＱＡＡＢＢ	男	混沌	中庸	騎乗 神性 愛する者 王
119	アルトリア・ペンドラゴン	槍	5	2,288	15,606	1,699	10,995	天	1.1	1.1	1.1	1.1	1.1	4	12.2	89	24	2	1	3	5	2	ＱＱＡＢＢ	女	秩序	善	騎乗 竜 ｱﾙﾄﾘｱ顔 ｱｰｻｰ 円卓 王
120	ニトクリス	術	4	1,806	11,288	1,510	9,060	地	0.54	0.54	0.54	0.54	0.54	3	10.8	50	36	3	3	4	5	3	ＱＡＡＡＢ	女	秩序	善	神性 神霊 王
121	ランスロット	剣	4	1,854	11,589	1,658	9,949	地	0.83	0.83	0.83	0.83	0.83	3	10	100	28	2	4	3	5	1	ＱＡＡＢＢ	男	秩序	善	騎乗 愛する者 円卓
122	トリスタン	弓	4	1,862	11,637	1,622	9,735	地	0.58	0.58	0.58	0.58	0.58	3	8.1	145	31.5	3	5	4	6	7	ＱＱＡＡＢ	男	秩序	善	円卓
123	ガウェイン	剣	4	1,827	11,419	1,695	10,173	地	1.14	1.14	1.14	1.14	1.14	3	10	102	21	2	1	2	5	4	ＱＡＢＢＢ	男	秩序	善	騎乗 愛する者 円卓
124	静謐のハサン	殺	3	1,675	9,310	1,232	6,636	人	0.53	0.53	0.53	0.53	0.53	4	25.6	102	44	3	4	3	5	1	ＱＱＡＡＢ	女	秩序	悪	
125	俵藤太	弓	3	1,764	9,800	1,306	7,032	人	0.57	0.57	0.57	0.57	0.57	3	7.8	150	36	3	1	2	5	3	ＱＡＡＢＢ	男	中立	善	愛する者
126	ベディヴィエール	剣	3	1,727	9,595	1,416	7,627	星	1.11	1.11	1.11	1.11	1.11	3	10.2	100	28	2	1	2	5	2	ＱＱＡＢＢ	男	秩序	善	騎乗 愛する者 円卓
127	レオナルド・ダ・ヴィンチ	術	5	2,091	14,259	1,637	10,598	星	0.54	0.54	0.54	0.54	0.54	3	10.8	50	34.5	3	1	4	4	1	ＱＡＡＡＢ	女	混沌	善	
128	玉藻の前	槍	5	2,221	15,147	1,657	10,726	天	1.05	1.05	1.05	1.05	1.05	4	12.2	91	40	2	3	4	4	4	ＱＱＡＢＢ	女	中立	夏	騎乗 神性 神霊 夏モード ｹﾓﾉ科
129	アルトリア・ペンドラゴン	弓	5	2,134	14,553	1,742	11,276	地	0.59	0.59	0.59	0.59	0.59	3	8	153	25.8	3	3	4	5	10	ＱＱＡＡＢ	女	秩序	善	竜 ｱﾙﾄﾘｱ顔 ｱｰｻｰ 円卓 王 夏モード
130	マリー・アントワネット	術	4	1,824	11,404	1,510	9,060	人	0.32	0.32	0.32	0.32	0.32	3	10.9	50	36	5	1	3	4	3	ＱＡＡＡＢ	女	秩序	善	夏モード
131	アン・ボニー＆メアリー・リード	弓	4	1,843	11,521	1,574	9,446	人	0.85	0.85	0.85	0.85	0.85	3	8.1	153	40.5	2	1	3	5	9	ＱＡＡＢＢ	女	混沌	中庸	夏モード
132	モードレッド	騎	4	1,824	11,400	1,535	9,212	地	0.71	0.71	0.71	0.71	0.71	3	9.2	204	35	2	1	3	4	5	ＱＱＡＡＢ	女	混沌	善	竜 ｱﾙﾄﾘｱ顔 円卓 夏モード
133	スカサハ	殺	4	1,786	11,168	1,508	9,049	星	0.71	0.71	0.71	0.71	0.71	4	25.6	98	44	3	3	3	5	5	ＱＱＱＡＢ	女	中立	善	王 夏モード
134	清姫	槍	4	1,899	11,870	1,489	8,936	地	1.05	1.05	1.05	1.05	1.05	4	12	92	40	2	6	2	5	6	ＱＱＡＢＢ	女	混沌	悪	竜 子供 夏モード
135	マルタ	裁	4	1,800	11,250	1,591	9,546	人	0.76	0.76	0.76	0.76	0.76	3	10	102	21	3	1	4	5	10	ＱＡＢＢＢ	女	秩序	善	夏モード
136	イリヤスフィール・フォン・アインツベルン	術	5	2,027	13,825	1,677	10,857	人	0.32	0.32	0.32	0.32	0.32	3	10.7	51	42	5	1	3	5	4	ＱＡＡＡＢ	女	中立	善	ｲﾘﾔ 今を生きる人類 子供
137	クロエ・フォン・アインツベルン	弓	4	1,746	10,914	1,640	9,845	天	0.38	0.38	0.38	0.38	0.38	3	8	148	36	6	2	3	4	6	ＱＱＡＡＢ	女	混沌	善	今を生きる人類 子供
138	エリザベート・バートリー〔ブレイブ〕	剣	4	1,799	11,248	1,649	9,899	地	0.55	0.55	0.55	0.55	0.55	3	9.9	100	28	3	1	4	5	7	ＱＡＡＢＢ	女	混沌	善	竜
139	クレオパトラ	殺	5	1,965	13,402	1,713	11,088	人	1.06	1.06	1.06	1.06	1.06	4	25.5	98	49.5	2	3	4	6	5	ＱＱＡＢＢ	女	秩序	中庸	神性 王
140	ヴラド三世〔EXTRA〕	槍	4	2,080	13,005	1,462	8,775	人	1.1	1.1	1.1	1.1	1.1	4	11.6	88	24	2	3	3	5	6	ＱＱＡＢＢ	男	秩序	善	王
141	ジャンヌ・ダルク・オルタ・サンタ・リリィ	槍	4	1,899	11,870	1,543	9,261	人	0.72	0.72	0.72	0.72	0.72	4	12.1	92	28	3	1	3	5	5	ＱＱＡＢＢ	女	混沌	善	ｱﾙﾄﾘｱ顔 子供
142	イシュタル	弓	5	2,048	13,965	1,893	12,252	天	0.45	0.45	0.45	0.45	0.45	3	8	153	22.5	4	1	4	7	3	ＱＡＡＢＢ	女	秩序	善	神性 今を生きる人類
143	エルキドゥ	槍	5	2,244	15,300	1,666	10,780	天	0.53	0.53	0.53	0.53	0.53	4	12	90	28	5	1	4	6	5	ＱＱＱＡＢ	-	中立	中庸	性別不明
144	ケツァル・コアトル	騎	5	1,900	12,960	1,854	12,001	天	0.9	0.9	0.9	0.9	0.9	3	9	205	25	2	3	3	5	1	ＱＡＡＢＢ	女	秩序	善	騎乗 神性 神霊 王
145	ギルガメッシュ	術	4	1,920	12,005	1,410	8,460	人	0.32	0.32	0.32	0.32	0.16	3	10.9	51	42	5	6	2	5	10	ＱＡＡＡＢ	男	秩序	善	神性 愛する者 王 夏モード@衣
146	メドゥーサ	槍	4	2,099	13,119	1,375	8,253	地	0.44	0.44	0.44	0.44	0.44	4	12.2	89	40	4	1	3	5	8	ＱＱＡＡＢ	女	中立	善	神性 神霊 子供
147	ゴルゴーン	讐	4	1,631	10,197	1,784	10,706	地	0.37	0.37	0.37	0.37	0.37	5	6	29	7	5	3	3	5	3	ＱＡＡＢＢ	女	混沌	悪	神霊 ｹﾓﾉ科
148	ジャガーマン	槍	3	1,726	9,593	1,304	7,022	地	1.05	1.05	1.05	1.05	1.05	4	12	90	40	2	4	2	6	2	ＱＱＡＢＢ	女	混沌	中庸	神性 今を生きる人類 猛獣 ｹﾓﾉ科
150	マーリン	術	5	2,091	14,259	1,629	10,546	地	0.81	0.81	0.81	0.81	0.81	3	10.8	49	36	2	5	3	6	0	ＱＡＡＡＢ	男	秩序	善	円卓 夏モード@衣
153	宮本武蔵	剣	5	1,999	13,635	1,860	12,037	人	0.87	0.87	0.87	0.87	0.87	3	10	100	35	3	2	3	4	7	ＱＡＢＢＢ	女	混沌	善	
154	“山の翁”	殺	5	1,956	13,338	1,831	11,848	人	1	1	1	1	1	4	25.5	98	49.5	3	1	5	6	1	ＱＡＢＢＢ	男	秩序	悪	愛する者
155	謎のヒロインX〔オルタ〕	狂	5	2,079	14,175	1,717	11,113	星	1.07	1.07	1.07	1.07	1.07	5	5	9	37.3	2	4	3	5	9	ＱＱＡＢＢ	女	中立	悪	竜 ｱﾙﾄﾘｱ顔 ｱｰｻｰ 円卓 王 ｴﾇﾏ特攻無効
156	新宿のアーチャー	弓	5	2,007	13,685	1,820	11,781	人	0.38	0.38	0.38	0.38	0.38	3	8	153	31.5	4	5	3	6	12	ＱＡＡＡＢ	男	混沌	悪	
157	エミヤ〔オルタ〕	弓	4	1,960	12,250	1,499	8,996	人	0.43	0.43	0.43	0.43	0.43	3	7.9	145	31.5	4	4	4	5	10	ＱＱＡＡＢ	男	混沌	悪	
158	新宿のアヴェンジャー	讐	4	1,591	9,949	1,771	10,628	地	0.79	0.79	0.79	0.79	0.79	5	6	29	10	2	2	3	5	8	ＱＱＡＡＢ	男	混沌	悪	童話 猛獣 ｹﾓﾉ科
159	新宿のアサシン	殺	4	1,862	11,637	1,443	8,661	人	0.71	0.71	0.71	0.71	0.71	4	25.6	100	49.5	3	1	3	5	11	ＱＱＱＡＢ	男	混沌	悪	愛する者 梁山泊 夏モード@衣
160	アーサー・ペンドラゴン〔プロトタイプ〕	剣	5	2,049	13,975	1,926	12,465	地	0.84	0.84	0.84	0.84	0.84	3	10	100	24.5	2	1	3	5	3	ＱＡＡＢＢ	男	秩序	善	騎乗 竜 ｱｰｻｰ 愛する者 円卓 王
161	土方歳三	狂	5	1,764	12,028	1,868	12,089	人	1.08	1.08	1.08	1.08	1.08	5	4.9	9	65	2	2	3	3	5	ＱＱＡＢＢ	男	秩序	悪	新選組
162	茶々	狂	4	1,764	11,025	1,490	8,945	人	1.03	1.03	1.03	1.03	1.03	5	4.9	10	52	2	5	3	4	8	ＱＡＢＢＢ	女	混沌	中庸	子供
163	メルトリリス	分	5	1,965	13,402	1,807	11,692	地	0.92	0.92	0.92	0.92	0.92	4	10.2	100	30	2	1	4	6	8	ＱＱＡＢＢ	女	秩序	善	騎乗 神性 機械
164	パッションリップ	分	4	1,744	10,901	1,716	10,299	地	0.77	0.77	0.77	0.77	0.77	4	9.9	97	35	3	1	4	5	12	ＱＡＢＢＢ	女	秩序	中庸	神性 機械
165	鈴鹿御前	剣	4	1,880	11,753	1,590	9,544	天	0.57	0.57	0.57	0.57	0.57	3	10.2	100	21	3	3	3	4	10	ＱＡＡＢＢ	女	中立	悪	騎乗 神性 神霊 鬼
166	BB	月	4	2,182	13,643	1,366	8,197	人	0.61	0.61	0.61	0.61	0.61	3	14.7	52	0.6	3	1	4	4	5	ＱＱＡＡＢ	女	混沌	善	機械
167	殺生院キアラ	分	5	2,142	14,606	1,803	11,668	獣	0.55	0.55	0.55	0.55	0.55	4	10	97	25	3	1	3	5	3	ＱＡＡＢＢ	女	混沌	悪	
169	不夜城のキャスター	術	5	2,324	15,846	1,423	9,212	人	0.51	0.51	0.51	0.51	0.51	3	10.8	52	48	3	4	4	4	5	ＱＡＡＡＢ	女	秩序	中庸	
170	不夜城のアサシン	殺	4	1,750	10,942	1,496	8,981	人	0.87	0.87	0.87	0.87	0.87	4	25.5	102	38.5	3	3	3	3	4	ＱＱＡＢＢ	女	秩序	悪	子供 王
171	エルドラドのバーサーカー	狂	4	1,628	10,175	1,750	10,502	地	1.07	1.07	1.07	1.07	1.07	5	4.9	9	39	2	2	3	5	8	ＱＡＢＢＢ	女	秩序	善	神性 王
172	レジスタンスのライダー	騎	3	1,728	9,600	1,216	6,552	人	0.55	0.55	0.55	0.55	0.55	3	8.9	208	50	3	4	3	5	5	ＱＡＡＢＢ	男	中立	悪	騎乗
173	シャーロック・ホームズ	裁	5	1,960	13,365	1,776	11,495	星	0.76	0.76	0.76	0.76	0.76	3	10	103	24.5	3	4	3	5	0	ＱＱＡＡＢ	男	中立	善	ｴﾇﾏ特攻無効
174	ポール・バニヤン	狂	1	1,239	6,196	1,099	6,044	地	0.67	0.67	0.67	0.67	0.67	5	4.9	9	65	3	3	3	4	2	ＱＡＢＢＢ	女	中立	中庸	童話 巨人 子供 ｹﾓﾉ科@衣
175	ネロ・クラウディウス	術	5	2,007	13,685	1,677	10,857	人	0.4	0.4	0.4	0.4	0.4	3	11.1	51	42	6	2	4	6	5	ＱＡＡＢＢ	女	混沌	夏	騎乗 ﾛｰﾏ ｱﾙﾄﾘｱ顔 王 夏モード
176	フランケンシュタイン	剣	4	1,919	11,993	1,558	9,353	地	0.7	0.7	0.7	0.7	0.7	3	9.9	102	31.5	4	5	3	5	5	ＱＱＡＢＢ	女	中立	夏	騎乗 機械 夏モード
177	ニトクリス	殺	4	1,843	11,518	1,468	8,812	天	0.78	0.78	0.78	0.78	0.78	4	25	102	33	2	1	3	4	3	ＱＱＡＡＢ	女	秩序	善	神性 神霊 王 夏モード
178	織田信長	狂	4	1,603	10,023	1,691	10,146	人	0.93	0.93	0.93	0.93	0.93	5	5	10	52	2	6	3	5	12	ＱＡＢＢＢ	女	混沌	夏	王 信長 夏モード
179	アルトリア・ペンドラゴン〔オルタ〕	騎	5	2,090	14,256	1,665	10,776	人	0.59	0.59	0.59	0.59	0.59	3	9	200	30	3	2	3	5	6	ＱＱＡＡＢ	女	秩序	悪	騎乗 竜 ｱﾙﾄﾘｱ顔 ｱｰｻｰ 円卓 王 夏モード
180	エレナ・ブラヴァツキー	弓	4	1,824	11,404	1,574	9,446	人	0.38	0.38	0.38	0.38	0.38	3	8	153	27	5	1	3	3	4	ＱＱＡＡＢ	女	混沌	善	夏モード
181	源頼光	槍	4	1,938	12,112	1,528	9,168	天	0.75	0.75	0.75	0.75	0.75	4	11.8	89	24	4	1	3	5	6	ＱＱＡＢＢ	女	秩序	善	騎乗 神性 源氏 夏モード
182	イシュタル	騎	4	1,710	10,692	1,600	9,603	天	0.68	0.68	0.68	0.68	0.68	3	9	200	35	3	5	2	3	4	ＱＱＡＡＢ	女	秩序	善	騎乗 神性 今を生きる人類 夏モード
183	パールヴァティー	槍	4	2,120	13,253	1,354	8,127	天	1.08	1.08	1.08	1.08	1.08	4	11.8	90	28	2	3	3	5	4	ＱＱＡＢＢ	女	秩序	善	神性 今を生きる人類
184	アーチャー・インフェルノ	弓	4	1,728	10,804	1,657	9,946	地	0.87	0.87	0.87	0.87	0.87	3	7.9	153	31.5	2	2	3	5	1	ＱＡＡＢＢ	女	中立	中庸	魔性 源氏 鬼
185	アサシン・パライソ	殺	4	1,862	11,637	1,418	8,510	地	0.8	0.8	0.8	0.8	0.8	4	25.5	99	44	2	3	3	4	5	ＱＱＡＡＢ	女	混沌	悪	
186	宝蔵院胤舜	槍	3	1,799	9,996	1,261	6,791	人	1.06	1.06	1.06	1.06	1.06	4	12.2	90	36	2	2	3	4	0	ＱＱＱＡＢ	男	中立	中庸	愛する者
187	柳生但馬守宗矩	剣	4	1,781	11,135	1,666	9,999	人	0.81	0.81	0.81	0.81	0.81	3	10.3	100	35	2	1	4	4	4	ＱＡＡＢＢ	男	秩序	中庸	騎乗 愛する者 源氏
188	加藤段蔵	殺	4	1,768	11,055	1,489	8,935	地	0.71	0.71	0.71	0.71	0.71	4	25.5	100	44	3	2	4	5	3	ＱＱＡＢＢ	女	中立	中庸	機械
189	刑部姫	殺	5	2,027	13,822	1,672	10,824	地	0.83	0.83	0.83	0.83	0.83	4	24.6	102	31.6	2	3	4	5	0	ＱＱＡＡＢ	女	混沌	中庸	神性
190	メカエリチャン	分	4	1,744	10,901	1,666	9,997	人	0.9	0.9	0.9	0.9	0.9	4	9.7	97	50	3	2	4	4	8	ＱＡＢＢＢ	女	秩序	善	機械 人類の脅威
191	メカエリチャンⅡ号機	分	4	1,744	10,901	1,666	9,997	人	0.9	0.9	0.9	0.9	0.9	4	9.7	97	50	3	2	4	4	8	ＱＡＢＢＢ	女	秩序	善	機械 人類の脅威
192	オケアノスのキャスター	術	4	1,960	12,250	1,445	8,671	天	0.39	0.39	0.39	0.39	0.39	3	10.8	51	34.5	3	2	3	4	5	ＱＡＡＡＢ	女	混沌	中庸	ｱﾙｺﾞﾉｰﾂ
193	哪吒	槍	4	1,938	12,112	1,547	9,284	天	0.72	0.72	0.72	0.72	0.72	4	12.2	91	28	3	3	4	4	3	ＱＱＡＢＢ	女	中立	善	機械
194	ミドラーシュのキャスター	術	4	1,940	12,127	1,438	8,629	人	0.81	0.81	0.81	0.81	0.81	3	10.8	51	36	3	4	4	5	5	ＱＡＡＢＢ	女	中立	善	王
195	アビゲイル・ウィリアムズ	降	5	2,019	13,770	1,870	12,100	地	0.25	0.25	0.25	0.25	0.25	3	14.8	148	7	6	4	4	5	4	ＱＡＡＡＢ	女	混沌	悪	神性 子供 領域外の生命 ｴﾇﾏ特攻無効 人類の脅威
196	エレシュキガル	槍	5	2,356	16,065	1,598	10,343	地	0.54	0.54	0.54	0.54	0.54	4	11.8	90	28	6	1	4	4	5	ＱＱＡＢＢ	女	混沌	悪	神性 王
197	アルテラ・ザ・サン〔タ〕	弓	4	1,862	11,637	1,626	9,759	星	0.59	0.59	0.59	0.59	0.59	3	8.1	153	27	3	3	3	4	10	ＱＱＡＡＢ	女	混沌	善	騎乗 神性 王 ｴﾇﾏ特攻無効
198	葛飾北斎	降	5	1,940	13,230	1,870	12,100	人	0.33	0.33	0.33	0.33	0.33	3	15	153	7	6	4	4	4	5	ＱＡＡＢＢ	女	混沌	中庸	神性 領域外の生命 人類の脅威
199	セミラミス	殺	5	1,945	13,266	1,747	11,309	地	0.39	0.39	0.39	0.39	0.39	4	24.7	102	33	4	4	4	5	5	ＱＡＡＡＢ	女	秩序	悪	神性 王
200	浅上藤乃	弓	4	1,764	11,025	1,716	10,299	人	0.59	0.59	0.59	0.59	0.59	3	7.9	148	27	3	3	3	5	3	ＱＡＡＢＢ	女	秩序	悪	今を生きる人類 ｴﾇﾏ特攻無効
201	アナスタシア	術	5	2,091	14,259	1,629	10,546	人	0.51	0.51	0.51	0.51	0.51	3	10.8	49	36	3	3	4	5	4	ＱＡＡＡＢ	女	中立	中庸	
202	アタランテ〔オルタ〕	狂	4	1,701	10,634	1,634	9,806	地	1.05	1.05	1.05	1.05	1.05	5	5.1	9	45.5	2	3	3	5	5	ＱＱＡＢＢ	女	混沌	悪	ｱﾙｺﾞﾉｰﾂ 猛獣 ｹﾓﾉ科
203	アヴィケブロン	術	3	1,796	9,981	1,184	6,376	人	0.61	0.61	0.61	0.61	0.61	3	10.7	50	36	2	4	4	5	3	ＱＡＡＡＢ	男	秩序	中庸	
204	アントニオ・サリエリ	讐	3	1,411	7,840	1,509	8,125	地	0.7	0.7	0.7	0.7	0.7	5	6.1	30	8	2	3	3	5	3	ＱＡＡＢＢ	男	混沌	悪	愛する者
205	イヴァン雷帝	騎	5	1,948	13,284	1,795	11,619	人	0.62	0.62	0.62	0.62	0.62	3	8.9	200	40	3	2	4	4	5	ＱＡＡＢＢ	男	秩序	悪	騎乗 巨人 猛獣 王 ｹﾓﾉ科
206	アキレウス	騎	5	1,938	13,219	1,836	11,883	地	0.57	0.57	0.57	0.57	0.57	3	9.1	196	40	3	2	4	4	5	ＱＱＡＡＢ	男	秩序	中庸	騎乗 神性 愛する者 ｷﾞﾘｼｬ男 夏モード@衣
207	ケイローン	弓	4	1,960	12,250	1,549	9,294	天	0.68	0.68	0.68	0.68	0.68	3	8.1	148	31.5	3	4	3	5	4	ＱＱＡＡＢ	男	秩序	善	神性 神霊 ｱﾙｺﾞﾉｰﾂ ｷﾞﾘｼｬ男
208	ジーク	術	4	1,806	11,288	1,399	8,394	人	0.78	0.78	0.78	0.78	0.78	3	10.8	50	54	2	3	3	4	3	ＱＡＡＢＢ	男	中立	善	竜
209	沖田総司〔オルタ〕	分	5	1,862	12,696	1,926	12,465	人	0.77	0.77	0.77	0.77	0.77	4	10.2	99	35	3	3	5	5	7	ＱＱＡＢＢ	女	中立	中庸	ｱﾙﾄﾘｱ顔 愛する者 新選組 性別不明@衣 女性@1-3
210	岡田以蔵	殺	3	1,592	8,844	1,277	6,879	人	0.79	0.79	0.79	0.79	0.79	4	25	97	55	2	1	4	5	4	ＱＱＡＡＢ	男	中立	悪	
211	坂本龍馬	騎	4	1,900	11,880	1,425	8,555	人	0.56	0.56	0.56	0.56	0.56	3	9	203	45	3	4	4	6	4	ＱＡＡＢＢ	男	中立	中庸	騎乗 神性 愛する者
212	ナポレオン	弓	5	1,920	13,097	1,859	12,033	星	0.59	0.59	0.59	0.59	0.59	3	8	150	45	3	1	3	5	5	ＱＡＡＢＢ	男	中立	善	愛する者 王 ｴﾇﾏ特攻無効
213	シグルド	剣	5	2,049	13,975	1,926	12,465	地	0.62	0.62	0.62	0.62	0.62	3	10	97	28	3	2	4	5	7	ＱＡＡＢＢ	男	中立	善	騎乗 神性 竜 愛する者 夏モード@衣
214	ワルキューレ	槍	4	2,244	14,025	1,339	8,037	天	0.86	0.86	0.86	0.86	0.86	4	12	87	23	2	3	3	4	7	ＱＱＡＢＢ	女	秩序	善	神性 神霊 戦乙女
215	スカサハ＝スカディ	術	5	2,112	14,406	1,661	10,753	天	0.67	0.67	0.67	0.67	0.67	3	10.8	49	30	3	4	4	5	0	ＱＱＡＡＢ	女	混沌	善	神性 神霊 王
216	ジャンヌ・ダルク	弓	5	2,309	15,743	1,626	10,525	人	0.68	0.68	0.68	0.68	0.68	3	8	153	36	2	2	4	5	4	ＱＡＡＢＢ	女	秩序	夏	ｱﾙﾄﾘｱ顔 夏モード
217	茨木童子	槍	4	1,976	12,354	1,522	9,133	地	1.06	1.06	1.06	1.06	1.06	4	11.7	90	36	2	4	4	5	3	ＱＱＡＢＢ	女	混沌	悪	魔性 子供 夏モード 鬼
218	牛若丸	殺	4	1,692	10,580	1,576	9,456	人	0.54	0.54	0.54	0.54	0.54	4	25.3	102	38.5	4	3	4	6	5	ＱＱＱＡＢ	女	中立	夏	騎乗 愛する者 童話 源氏 夏モード
219	ジャンヌ・ダルク〔オルタ〕	狂	4	1,587	9,922	1,716	10,298	人	0.52	0.52	0.52	0.52	0.52	5	5	9	45.5	4	3	4	5	5	ＱＡＢＢＢ	女	混沌	夏	ｱﾙﾄﾘｱ顔 夏モード
220	BB	月	5	2,172	14,812	1,728	11,182	地	0.61	0.61	0.61	0.61	0.61	3	14.8	52	0.5	3	5	4	4	3	ＱＡＡＢＢ	女	混沌	悪	神性 神霊 機械 巨人 超巨大 領域外の生命 夏モード
221	女王メイヴ	剣	4	2,177	13,609	1,336	8,017	地	0.72	0.72	0.72	0.72	0.72	3	10	104	31.5	2	2	4	5	6	ＱＡＡＢＢ	女	混沌	悪	騎乗 王 夏モード
222	謎のヒロインXX	降	4	1,800	11,250	1,625	9,751	星	0.64	0.64	0.64	0.64	0.64	3	15	147	10	3	4	4	4	4	ＱＡＡＢＢ	女	秩序	善	騎乗 竜 ｱﾙﾄﾘｱ顔 ｱｰｻｰ 愛する者 王 領域外の生命 夏モード ｴﾇﾏ特攻無効
223	ディルムッド・オディナ	剣	4	1,818	11,362	1,674	10,048	地	0.73	0.73	0.73	0.73	0.73	3	10.2	97	31.5	3	4	4	4	10	ＱＱＡＢＢ	男	秩序	中庸	騎乗 愛する者
224	シトナイ	分	5	2,048	13,965	1,803	11,668	天	0.83	0.83	0.83	0.83	0.83	4	10.2	102	25	2	3	4	5	6	ＱＡＡＢＢ	女	混沌	善	神性 ｲﾘﾔ 童話 子供
225	酒呑童子	術	4	1,764	11,025	1,589	9,538	地	0.46	0.46	0.46	0.46	0.46	3	11	50	34.5	4	2	4	5	13	ＱＡＡＡＢ	女	混沌	悪	神性 魔性 竜 鬼
226	項羽	狂	5	2,019	13,770	1,794	11,613	人	0.51	0.51	0.51	0.51	0.51	5	5.1	9	52	4	3	6	5	5	ＱＡＢＢＢ	男	秩序	中庸	機械 巨人
227	蘭陵王	剣	4	2,020	12,625	1,518	9,112	人	0.65	0.65	0.65	0.65	0.65	3	10.2	98	31.5	3	2	3	5	0	ＱＡＡＢＢ	男	秩序	善	騎乗 愛する者 夏モード@衣
228	秦良玉	槍	4	2,142	13,387	1,382	8,295	人	0.79	0.79	0.79	0.79	0.79	4	12.1	91	36	2	3	4	4	0	ＱＱＡＡＢ	女	秩序	善	愛する者
229	始皇帝	裁	5	2,321	15,828	1,541	9,977	人	0.47	0.47	0.47	0.47	0.47	3	10	100	23.6	4	3	5	4	0	ＱＡＡＢＢ	-	秩序	善	王
230	虞美人	殺	4	2,142	13,389	1,328	7,970	地	0.75	0.75	0.75	0.75	0.75	4	24.7	97	31.6	4	3	4	4	5	ＱＱＡＢＢ	女	秩序	悪	魔性 不明な特性
231	赤兎馬	騎	3	1,886	10,483	1,194	6,434	地	0.57	0.57	0.57	0.57	0.57	3	9	198	40	3	1	4	5	4	ＱＱＡＡＢ	男	中立	中庸	騎乗 愛する者 猛獣 ｹﾓﾉ科
232	ブラダマンテ	槍	5	2,300	15,682	1,674	10,833	地	0.7	0.7	0.7	0.7	0.7	4	12.1	88	32	2	4	4	5	5	ＱＱＡＡＢ	女	秩序	善	愛する者
233	ケツァル・コアトル〔サンバ／サンタ〕	裁	4	1,809	11,306	1,614	9,687	天	0.71	0.71	0.71	0.71	0.71	3	10	104	21	3	4	4	5	4	ＱＱＡＢＢ	女	秩序	善	神性 神霊 王
234	紅閻魔	剣	5	2,047	13,960	1,793	11,607	地	0.56	0.56	0.56	0.56	0.56	3	10.3	100	24.5	3	1	6	5	5	ＱＡＡＢＢ	女	秩序	善	童話 子供 ｹﾓﾉ科 鬼
235	李書文	殺	5	1,843	12,568	1,772	11,470	人	0.99	0.99	0.99	0.99	0.99	4	25.3	97	55	2	1	4	5	1	ＱＡＡＢＢ	男	中立	悪	
236	美遊・エーデルフェルト	術	4	1,920	12,005	1,438	8,629	人	0.81	0.81	0.81	0.81	0.81	3	10.9	49	36	2	3	3	4	0	ＱＡＡＡＢ	女	秩序	善	今を生きる人類 子供
237	紫式部	術	5	1,882	12,833	1,757	11,374	人	0.45	0.45	0.45	0.45	0.45	3	10.7	51	42	4	4	4	5	6	ＱＱＡＡＢ	女	中立	善	
238	キングプロテア	分	5	1,956	13,338	1,983	12,835	地	0.56	0.56	0.56	0.56	0.56	4	10.2	100	45	3	1	3	6	5	ＱＡＡＢＢ	女	秩序	善	神性 機械 巨人 超巨大 ｹﾓﾉ科
239	カーマ	殺	5	1,890	12,889	1,781	11,528	天	0.74	0.74	0.74	0.74	0.74	4	25	100	31.6	3	4	4	5	10	ＱＱＡＢＢ	女	混沌	悪	騎乗 神性 子供@1
241	司馬懿〔ライネス〕	騎	5	1,986	13,543	1,766	11,427	人	0.64	0.64	0.64	0.64	0.64	3	8.9	205	30	4	4	3	5	0	ＱＱＡＡＢ	女	中立	中庸	騎乗 今を生きる人類
242	アストライア	裁	4	1,845	11,531	1,622	9,734	天	0.43	0.43	0.43	0.43	0.43	3	9.9	100	17.5	4	1	3	5	8	ＱＡＡＢＢ	女	秩序	善	神性 ﾛｰﾏ 今を生きる人類
243	グレイ	殺	4	1,692	10,580	1,576	9,456	人	0.71	0.71	0.71	0.71	0.71	4	25	99	44	3	2	3	5	4	ＱＱＱＡＢ	女	秩序	善	ｱﾙﾄﾘｱ顔 今を生きる人類 円卓
244	大いなる石像神	月	5	2,617	17,844	1,416	9,166	天	0.35	0.35	0.35	0.35	0.35	3	14.5	51	0.7	4	4	4	5	3	ＱＡＡＡＢ	女	秩序	善	騎乗 神性 今を生きる人類
245	ラクシュミー・バーイー	剣	4	1,818	11,362	1,658	9,949	人	1.01	1.01	1.01	1.01	1.01	3	10	96	28	2	4	3	5	4	ＱＱＡＢＢ	女	秩序	善	騎乗 神性 ｱﾙﾄﾘｱ顔
246	ウィリアム・テル	弓	3	1,675	9,310	1,371	7,384	人	0.66	0.66	0.66	0.66	0.66	3	8	148	45	3	3	3	5	3	ＱＡＡＢＢ	男	秩序	善	愛する者 童話
247	アルジュナ〔オルタ〕	狂	5	2,029	13,837	1,803	11,669	天	0.98	0.98	0.98	0.98	0.98	5	5.1	9	35.7	2	4	4	4	5	ＱＡＢＢＢ	男	秩序	善・悪	神性 神霊
248	アシュヴァッターマン	弓	4	1,799	11,245	1,708	10,249	天	0.58	0.58	0.58	0.58	0.58	3	8.1	153	31.5	4	5	4	4	5	ＱＱＡＢＢ	男	混沌	中庸	神性 愛する者
249	アスクレピオス	術	3	1,815	10,084	1,184	6,376	地	0.81	0.81	0.81	0.81	0.81	3	11	49	36	2	2	4	4	0	ＱＡＡＡＢ	男	中立	中庸	神性 ｱﾙｺﾞﾉｰﾂ ｷﾞﾘｼｬ男 夏モード@衣
250	魔王信長（織田信長）	讐	5	1,724	11,761	1,953	12,641	地	0.49	0.49	0.49	0.49	0.49	5	5.9	30	7	4	6	4	5	6	ＱＡＢＢＢ	-	混沌	中庸	性別不明 王 信長
251	森長可	狂	3	1,443	8,019	1,436	7,732	人	0.5	0.5	0.5	0.5	0.5	5	4.9	9	65	3	2	3	5	5	ＱＡＡＢＢ	男	混沌	狂	
252	長尾景虎	槍	4	1,817	11,360	1,602	9,617	人	0.45	0.45	0.45	0.45	0.45	4	12.2	89	35	4	2	5	5	8	ＱＡＡＢＢ	女	秩序	善	騎乗 神性
253	レオナルド・ダ・ヴィンチ	騎	5	2,069	14,112	1,681	10,883	人	0.49	0.49	0.49	0.49	0.49	3	9	205	30	4	2	4	4	3	ＱＡＡＢＢ	女	秩序	善	騎乗 子供 ｴﾇﾏ特攻無効
254	イアソン	剣	1	1,515	7,575	992	5,457	地	0.37	0.37	0.37	0.37	0.37	3	10	102	31.5	4	1	3	4	5	ＱＡＡＢＢ	男	秩序	善	騎乗 愛する者 ｱﾙｺﾞﾉｰﾂ ｷﾞﾘｼｬ男
255	パリス	弓	2	1,474	7,834	1,157	6,523	地	0.43	0.43	0.43	0.43	0.43	3	8	153	30.3	4	3	3	4	5	ＱＱＡＡＢ	男	中立	中庸	愛する者 ｱﾙｺﾞﾉｰﾂ 子供 ｷﾞﾘｼｬ男
256	ガレス	槍	2	1,795	9,537	960	5,413	地	0.71	0.71	0.71	0.71	0.71	4	12.1	88	36	3	1	4	5	8	ＱＱＡＢＢ	女	秩序	善	騎乗 愛する者 円卓
257	バーソロミュー・ロバーツ	騎	1	1,344	6,720	993	5,461	人	0.65	0.65	0.65	0.65	0.65	3	8.9	200	45	2	2	3	4	6	ＱＱＡＡＢ	男	混沌	悪	騎乗 愛する者
258	陳宮	術	2	1,459	7,755	1,085	6,119	人	0.4	0.4	0.4	0.4	0.4	3	11	49	42	4	1	3	4	4	ＱＡＡＡＢ	男	混沌	善	
259	シャルロット・コルデー	殺	1	1,244	6,220	997	5,488	人	0.52	0.52	0.52	0.52	0.52	4	24.7	100	55	3	1	3	5	1	ＱＱＡＡＢ	女	中立	善	
260	サロメ	狂	2	1,296	6,885	1,221	6,884	地	0.51	0.51	0.51	0.51	0.51	5	5	9	58.5	3	3	4	4	3	ＱＡＡＢＢ	女	混沌	悪	
261	宮本武蔵	狂	5	1,782	12,150	1,964	12,712	人	0.51	0.51	0.51	0.51	0.51	5	5	9	52	3	4	4	5	4	ＱＡＡＢＢ	女	混沌	善	騎乗 神性 夏モード
262	刑部姫	弓	4	1,996	12,476	1,482	8,895	地	0.62	0.62	0.62	0.62	0.62	3	8	153	27	3	3	4	5	4	ＱＡＡＡＢ	女	中立	夏	神性 夏モード
263	カーミラ	騎	4	1,676	10,476	1,608	9,651	地	0.52	0.52	0.52	0.52	0.52	3	9.1	200	45	4	3	4	4	4	ＱＱＡＡＢ	女	中立	悪	夏モード
264	葛飾北斎	剣	4	1,899	11,873	1,564	9,389	人	0.46	0.46	0.46	0.46	0.46	3	10	99	28.8	4	4	4	5	8	ＱＱＡＡＢ	女	混沌	善	神性 夏モード 人類の脅威
265	アルトリア・ペンドラゴン	裁	5	2,480	16,912	1,482	9,593	天	0.57	0.57	0.57	0.57	0.57	3	10	100	21	4	3	4	5	4	ＱＱＡＢＢ	女	秩序	夏	竜 ｱﾙﾄﾘｱ顔 ｱｰｻｰ 円卓 王 夏モード ｹﾓﾉ科
266	謎のアルターエゴ・Λ	槍	4	1,879	11,749	1,543	9,261	地	0.76	0.76	0.76	0.76	0.76	4	12.1	91	28	2	3	4	5	3	ＱＱＡＡＢ	女	秩序	善	騎乗 神性 竜 魔性 機械 夏モード
267	オキタ・J・ソウジ	殺	4	1,658	10,366	1,556	9,337	人	0.92	0.92	0.92	0.92	0.92	4	25.3	99	49.5	3	1	5	5	3	ＱＱＱＡＢ	女	中立	夏	ｱﾙﾄﾘｱ顔 新選組 領域外の生命 夏モード
268	スペース・イシュタル	讐	5	1,912	13,041	1,949	12,612	星	0.69	0.69	0.69	0.69	0.69	5	6	29	5	2	3	4	5	3	ＱＡＡＢＢ	女	秩序	悪	神性 神霊 ｴﾇﾏ特攻無効
269	カラミティ・ジェーン	弓	4	1,999	12,495	1,499	8,996	人	0.71	0.71	0.71	0.71	0.71	3	8	153	40.5	3	2	3	4	5	ＱＱＡＡＢ	女	混沌	中庸	騎乗 愛する者
270	アストルフォ	剣	5	2,089	14,248	1,807	11,694	地	0.52	0.52	0.52	0.52	0.52	3	10.1	103	24.5	3	4	3	7	9	ＱＱＡＡＢ	-	混沌	善	騎乗 性別不明 ｹﾓﾉ科
271	ナイチンゲール〔サンタ〕	弓	4	1,772	11,080	1,643	9,858	人	0.6	0.6	0.6	0.6	0.6	3	8	153	39.3	3	3	4	5	6	ＱＱＡＡＢ	女	秩序	善	
272	超人オリオン	弓	5	1,979	13,494	1,940	12,557	地	0.96	0.96	0.96	0.96	0.96	3	8	153	36	3	1	3	5	0	ＱＡＢＢＢ	男	混沌	中庸	神性 愛する者 ｷﾞﾘｼｬ男
273	マンドリカルド	騎	3	1,728	9,600	1,254	6,756	人	0.86	0.86	0.86	0.86	0.86	3	9	200	40	2	1	3	4	4	ＱＱＡＡＢ	男	中立	中庸	騎乗 愛する者 王 夏モード@衣
274	エウロペ	騎	5	1,843	12,571	1,813	11,737	天	0.58	0.58	0.58	0.58	0.58	3	8.9	205	35	3	1	3	5	4	ＱＡＡＢＢ	女	中立	善	騎乗 神性 神霊
275	楊貴妃	降	5	1,960	13,365	1,907	12,342	人	0.51	0.51	0.51	0.51	0.51	3	15	147	6	4	3	4	4	4	ＱＱＡＡＢ	女	混沌	善	神性 領域外の生命 人類の脅威
276	清少納言	弓	5	1,901	12,965	1,888	12,218	人	0.57	0.57	0.57	0.57	0.57	3	8	153	36	3	2	4	5	4	ＱＱＡＡＢ	女	混沌	善	
277	オデュッセウス	騎	5	1,948	13,284	1,822	11,795	地	0.58	0.58	0.58	0.58	0.58	3	8.9	208	33.7	4	3	4	5	3	ＱＱＡＡＢ	男	中立	善	騎乗 愛する者 王 ｷﾞﾘｼｬ男
278	ディオスクロイ	剣	5	2,174	14,824	1,829	11,840	天	0.51	0.51	0.51	0.51	0.51	3	10	99	28	4	2	5	5	8	ＱＱＡＡＢ	-	混沌	中庸	騎乗 神性 神霊 愛する者 性別不明 ｱﾙｺﾞﾉｰﾂ
279	カイニス	槍	4	1,845	11,532	1,649	9,896	地	0.86	0.86	0.86	0.86	0.86	4	12.2	90	36	3	3	3	5	3	ＱＱＡＢＢ	-	中立	悪	神性 神霊 愛する者 性別不明 ｱﾙｺﾞﾉｰﾂ 王
280	ロムルス＝クィリヌス	槍	5	1,999	13,632	1,896	12,273	天	0.59	0.59	0.59	0.59	0.59	4	12.2	93	26	3	3	4	5	5	ＱＡＡＢＢ	-	混沌	中庸	神性 ﾛｰﾏ 神霊
281	ボイジャー	降	5	2,286	15,592	1,615	10,450	星	0.56	0.56	0.56	0.56	0.56	3	15.1	153	7	3	3	3	5	5	ＱＱＡＡＢ	男	中立	善	童話 子供 領域外の生命 ｴﾇﾏ特攻無効
282	鬼女紅葉	狂	4	1,800	11,250	1,529	9,177	地	0.85	0.85	0.85	0.85	0.85	5	4.9	9	45.5	3	3	3	5	10	ＱＡＢＢＢ	女	中立	悪	竜 魔性 鬼 魔獣型@1 ｹﾓﾉ科@1
283	宇津見エリセ	槍	4	1,918	11,991	1,520	9,122	人	0.63	0.63	0.63	0.63	0.63	4	12	87	32	3	3	4	5	3	ＱＱＡＡＢ	女	秩序	中庸	騎乗 神性 今を生きる人類 子供
284	アルトリア・キャスター	術	5	2,112	14,406	1,629	10,546	星	0.54	0.54	0.54	0.54	0.54	3	11	50	36	3	3	3	5	0	ＱＡＡＡＢ	女	中立	善	ｱﾙﾄﾘｱ顔 ｱｰｻｰ 円卓 妖精 ｴﾇﾏ特攻無効
285	殺生院キアラ	月	5	2,249	15,336	1,719	11,128	地	0.6	0.6	0.6	0.6	0.6	3	14.8	50	0.5	3	3	4	5	3	ＱＡＡＢＢ	女	秩序	悪	夏モード ﾋﾄ科@1-2 魔獣型@3 ｹﾓﾉ科@3
286	イリヤスフィール・フォン・アインツベルン	弓	4	1,746	10,914	1,683	10,098	人	0.63	0.63	0.63	0.63	0.63	3	8	148	31.5	3	3	4	4	5	ＱＱＡＡＢ	女	中立	夏	ｲﾘﾔ 今を生きる人類 子供 夏モード
287	ブリュンヒルデ	狂	4	1,603	10,023	1,699	10,197	天	0.85	0.85	0.85	0.85	0.85	5	5.1	10	45.5	3	4	3	5	5	ＱＡＢＢＢ	女	中立	善	神性 神霊 戦乙女 夏モード
288	虞美人	槍	4	1,799	11,245	1,649	9,896	地	1.1	1.1	1.1	1.1	1.1	4	12.2	89	24	2	3	3	4	5	ＱＱＡＢＢ	女	秩序	悪	魔性 不明な特性 夏モード
289	アビゲイル・ウィリアムズ〔夏〕	降	5	2,090	14,250	1,820	11,781	地	0.86	0.86	0.86	0.86	0.86	3	15	150	6	3	3	3	5	3	ＱＱＡＢＢ	女	秩序	悪	神性 子供 領域外の生命 夏モード ｴﾇﾏ特攻無効 人類の脅威
290	巴御前	剣	4	1,957	12,233	1,590	9,544	地	0.55	0.55	0.55	0.55	0.55	3	10	102	24.5	3	2	4	4	3	ＱＡＡＢＢ	女	中立	善	騎乗 魔性 源氏 夏モード 鬼
291	紫式部	騎	4	1,900	11,880	1,455	8,730	人	0.53	0.53	0.53	0.53	0.53	3	8.8	205	35	4	2	4	4	3	ＱＱＡＡＢ	女	中立	善	騎乗 夏モード
292	卑弥呼	裁	5	2,200	15,000	1,647	10,659	地	0.57	0.57	0.57	0.57	0.57	3	9.9	100	21	3	1	4	5	0	ＱＡＡＢＢ	女	混沌	善	王
293	斎藤一	剣	4	1,899	11,873	1,570	9,425	人	0.76	0.76	0.76	0.76	0.76	3	10	102	35	2	2	4	4	7	ＱＡＡＢＢ	男	秩序	中庸	新選組
294	織田信勝	弓	1	1,512	7,563	930	5,116	人	0.75	0.75	0.75	0.75	0.75	3	7.9	145	45	3	2	3	4	0	ＱＱＡＢＢ	男	混沌	善	
295	ヴァン・ゴッホ	降	5	2,200	15,000	1,734	11,220	地	0.76	0.76	0.76	0.76	0.76	3	14.9	147	6	3	4	4	5	0	ＱＱＱＡＢ	女	混沌	悪	神性 子供 領域外の生命 人類の脅威
296	ネモ	騎	5	2,006	13,680	1,766	11,427	天	0.59	0.59	0.59	0.59	0.59	3	8.9	204	30	4	3	3	4	3	ＱＡＡＢＢ	男	混沌	中庸	騎乗 神性 神霊 愛する者 ｱﾙｺﾞﾉｰﾂ ｷﾞﾘｼｬ男
297	蘆屋道満	分	5	1,945	13,266	1,893	12,252	地	0.7	0.7	0.7	0.7	0.7	4	9.7	100	25	3	3	4	5	5	ＱＱＡＡＢ	-	混沌	悪	神性 魔性 夏モード@衣
298	渡辺綱	剣	4	1,799	11,248	1,687	10,123	人	0.6	0.6	0.6	0.6	0.6	3	10.2	100	28	3	2	4	5	3	ＱＡＡＢＢ	男	中立	善	騎乗 愛する者 源氏
299	伊吹童子	剣	5	1,979	13,498	1,964	12,709	天	0.78	0.78	0.78	0.78	0.78	3	9.9	98	17.5	3	3	4	5	4	ＱＡＢＢＢ	女	混沌	善	騎乗 神性 魔性 竜 神霊 巨人 ｹﾓﾉ科 鬼
300	ヴリトラ	槍	5	1,999	13,632	1,905	12,332	天	0.55	0.55	0.55	0.55	0.55	4	12.2	88	24	3	2	4	5	3	ＱＱＡＡＢ	女	中立	悪	魔性 竜 神霊 ｹﾓﾉ科
301	カルナ〔サンタ〕	剣	4	2,060	12,877	1,530	9,180	天	0.78	0.78	0.78	0.78	0.78	3	10.2	99	31.5	3	3	4	5	8	ＱＱＡＢＢ	男	秩序	善	神性
302	千子村正	剣	5	2,153	14,680	1,757	11,373	人	0.59	0.59	0.59	0.59	0.59	3	9.8	100	35	3	3	2	5	3	ＱＡＡＢＢ	男	混沌	中庸	今を生きる人類
303	平景清	讐	5	1,777	12,117	1,963	12,705	地	0.81	0.81	0.81	0.81	0.81	5	6.1	30	7	2	2	4	5	10	ＱＱＡＡＢ	-	混沌	悪	愛する者 性別不明 源氏
304	鬼一法眼	殺	4	1,786	11,168	1,572	9,434	地	0.56	0.56	0.56	0.56	0.56	4	25.6	100	27.5	4	3	3	4	7	ＱＱＡＢＢ	-	混沌	中庸	性別不明 魔性
305	アムール〔カレン〕	裁	5	2,029	13,837	1,754	11,351	天	0.57	0.57	0.57	0.57	0.57	3	9.9	101	28.8	3	3	4	5	5	ＱＱＡＡＢ	女	秩序	善	神性 ﾛｰﾏ 今を生きる人類
306	ガラテア	狂	5	2,059	14,040	1,764	11,414	地	0.6	0.6	0.6	0.6	0.6	5	4.8	9	43.8	3	3	5	5	9	ＱＡＢＢＢ	女	混沌	中庸	機械
307	ミス・クレーン	術	5	2,195	14,971	1,506	9,749	地	0.39	0.39	0.39	0.39	0.39	3	10.8	49	46.5	4	2	3	5	0	ＱＡＡＡＢ	女	中立	善	童話 ｹﾓﾉ科
308	謎のアイドルX〔オルタ〕	降	4	1,980	12,375	1,507	9,045	星	0.9	0.9	0.9	0.9	0.9	3	15	153	6.7	3	4	4	5	4	ＱＱＡＢＢ	女	中立	善	竜 ｱﾙﾄﾘｱ顔 ｱｰｻｰ 円卓 王 領域外の生命 ｴﾇﾏ特攻無効
309	モルガン	狂	5	1,824	12,440	1,884	12,193	地	0.53	0.53	0.53	0.53	0.53	5	5	10	37.3	3	3	4	5	6	ＱＡＡＢＢ	女	秩序	悪	ｱﾙﾄﾘｱ顔 王 妖精
310	妖精騎士ガウェイン	剣	4	2,163	13,521	1,453	8,721	地	0.74	0.74	0.74	0.74	0.74	3	10.2	99	28	3	2	5	5	5	ＱＡＢＢＢ	女	混沌	善	愛する者 ｹﾓﾉ科 妖精 円卓@1
311	妖精騎士トリスタン	弓	4	1,940	12,127	1,575	9,455	地	0.58	0.58	0.58	0.58	0.58	3	8.1	147	31.5	3	3	4	5	6	ＱＱＡＡＢ	女	混沌	悪	騎乗 魔性 妖精 円卓@1
312	妖精騎士ランスロット	槍	5	2,070	14,114	1,878	12,154	地	0.65	0.65	0.65	0.65	0.65	4	12	90	23	3	3	4	5	5	ＱＡＡＢＢ	女	中立	悪	竜 愛する者 童話 ｹﾓﾉ科 妖精 ｴﾇﾏ特攻無効 円卓@衣 円卓@1
313	パーシヴァル	槍	4	1,938	12,112	1,528	9,168	地	0.64	0.64	0.64	0.64	0.64	4	12	89	36	2	3	3	5	4	ＱＡＡＢＢ	男	秩序	善	騎乗 愛する者 円卓
314	光のコヤンスカヤ	殺	5	1,918	13,081	1,795	11,616	獣	0.76	0.76	0.76	0.76	0.76	4	25.5	102	33	4	3	4	5	8	ＱＱＡＢＢ	女	秩序	悪	騎乗 神性 魔性 ｹﾓﾉ科
315	ハベトロット	騎	4	1,881	11,760	1,440	8,642	地	0.57	0.57	0.57	0.57	0.57	3	9	205	40	3	2	4	4	3	ＱＱＡＡＢ	女	中立	善	騎乗 愛する者 童話 妖精
316	オベロン	詐	5	1,945	13,266	1,825	11,810	地	0.59	0.59	0.59	0.59	0.59	3	20.5	104	18	4	3	4	6	4	ＱＱＡＢＢ	男	混沌	悪	騎乗 竜 王 妖精 ｴﾇﾏ特攻無効 人類の脅威
317	沖田総司〔オルタ〕	剣	5	1,999	13,635	1,926	12,465	人	0.67	0.67	0.67	0.67	0.67	3	10	98	24.5	4	3	5	5	8	ＱＱＡＢＢ	-	中立	中庸	ｱﾙﾄﾘｱ顔 性別不明 新選組 夏モード
318	アナスタシア＆ヴィイ	弓	4	1,806	11,288	1,590	9,542	人	0.57	0.57	0.57	0.57	0.57	3	8	148	36	3	2	3	5	3	ＱＱＡＡＢ	女	混沌	夏	夏モード
319	シャルロット・コルデー	術	4	1,901	11,882	1,402	8,417	人	0.53	0.53	0.53	0.53	0.53	3	10.7	51	45	3	3	3	4	5	ＱＡＡＡＢ	女	混沌	夏	夏モード
320	レオナルド・ダ・ヴィンチ	裁	4	1,881	11,756	1,526	9,157	人	0.67	0.67	0.67	0.67	0.67	3	10	102	21	3	3	3	3	3	ＱＡＡＢＢ	女	秩序	夏	騎乗 子供 夏モード ｴﾇﾏ特攻無効
321	カーマ	讐	5	1,729	11,790	2,042	13,213	天	0.52	0.52	0.52	0.52	0.52	5	6.1	29	5	3	3	4	5	4	ＱＱＡＡＢ	女	中立	悪	騎乗 神性 魔性 夏モード 子供@1
322	カイニス	騎	4	1,736	10,854	1,584	9,506	地	0.66	0.66	0.66	0.66	0.66	3	9.1	204	45	3	3	3	4	3	ＱＡＡＢＢ	-	中立	夏	騎乗 神性 愛する者 性別不明 神霊 ｱﾙｺﾞﾉｰﾂ 王 夏モード
323	清少納言	狂	4	1,587	9,922	1,657	9,942	人	0.77	0.77	0.77	0.77	0.77	5	5	10	65	3	3	4	4	7	ＱＡＢＢＢ	女	混沌	夏	夏モード
324	ジャック・ド・モレー	降	5	2,367	16,143	1,679	10,868	地	0.78	0.78	0.78	0.78	0.78	3	14.7	148	5	3	4	5	5	5	ＱＱＡＢＢ	女	中立	悪	神性 領域外の生命 人類の脅威
325	ゼノビア	弓	4	1,871	11,695	1,638	9,831	人	0.47	0.47	0.47	0.47	0.47	3	8.1	148	40.5	4	4	3	5	4	ＱＱＡＡＢ	女	秩序	善	騎乗 愛する者 王
326	エリザベート・バートリー〔シンデレラ〕	騎	4	1,769	11,058	1,527	9,166	人	0.87	0.87	0.87	0.87	0.87	3	9.1	205	35	2	3	4	4	4	ＱＡＡＢＢ	女	混沌	中庸	騎乗 竜 童話
327	出雲阿国	術	5	1,901	12,965	1,757	11,374	人	0.8	0.8	0.8	0.8	0.8	3	10.9	51	42	3	3	4	5	10	ＱＱＡＢＢ	女	混沌	善	
328	謎の蘭丸X	讐	4	1,638	10,241	1,645	9,872	星	0.45	0.45	0.45	0.45	0.45	5	6	29	8	2	2	4	5	4	ＱＡＡＢＢ	-	秩序	善	性別不明 領域外の生命 ｴﾇﾏ特攻無効
329	坂本龍馬	槍	5	2,221	15,147	1,661	10,753	人	0.47	0.47	0.47	0.47	0.47	4	12	91	32	4	4	5	5	3	ＱＡＡＢＢ	男	中立	中庸	騎乗
330	マルタ〔サンタ〕	術	4	2,016	12,605	1,366	8,197	人	0.66	0.66	0.66	0.66	0.66	3	10.8	51	36	3	3	4	4	0	ＱＱＡＡＢ	女	秩序	善	騎乗
331	太公望	騎	5	1,986	13,543	1,800	11,651	地	0.6	0.6	0.6	0.6	0.6	3	9.1	205	25	3	3	4	5	6	ＱＱＡＡＢ	男	中立	善	騎乗 愛する者
332	ドブルイニャ・ニキチッチ	騎	4	1,710	10,692	1,632	9,795	地	0.86	0.86	0.86	0.86	0.86	3	9	205	40	2	3	3	5	4	ＱＡＡＢＢ	女	中立	善	騎乗 竜 愛する者 猛獣 ｹﾓﾉ科
334	闇のコヤンスカヤ	降	5	2,156	14,700	1,734	11,220	獣	0.67	0.67	0.67	0.67	0.67	3	14.8	153	6	3	3	4	5	5	ＱＡＡＢＢ	女	混沌	悪	神性 魔性 猛獣 領域外の生命 ｹﾓﾉ科
335	ヘファイスティオン	詐	4	1,786	11,168	1,646	9,879	地	0.59	0.59	0.59	0.59	0.59	3	19.8	98	17.2	3	3	3	5	4	ＱＡＡＢＢ	女	中立	中庸	愛する者
336	マナナン・マク・リール〔バゼット〕	分	5	1,881	12,825	1,983	12,835	天	0.8	0.8	0.8	0.8	0.8	4	10	98	25	3	2	6	5	0	ＱＱＡＢＢ	女	中立	善	騎乗 神性 今を生きる人類 王
337	徴姉妹	剣	5	2,089	14,248	1,838	11,898	人	0.43	0.43	0.43	0.43	0.43	3	10.2	100	21	4	3	3	5	9	ＱＡＡＢＢ	女	秩序	善	騎乗 神性 王
338	太歳星君	分	4	1,976	12,350	1,545	9,271	地	0.47	0.47	0.47	0.47	0.47	4	9.8	98	35	3	3	4	4	3	ＱＱＡＡＢ	男	中立	中庸	神性 魔性 子供
339	スーパーバニヤン	分	5	1,985	13,537	1,784	11,545	地	0.86	0.86	0.86	0.86	0.86	4	9.9	97	40	3	3	4	5	3	ＱＡＢＢＢ	女	中立	中庸	童話 巨人
340	大黒天	術	4	1,901	11,882	1,438	8,629	天	0.55	0.55	0.55	0.55	0.55	3	10.7	51	36	3	3	5	5	9	ＱＱＡＡＢ	女	中立	善	神性 童話 猛獣 ｹﾓﾉ科
341	メアリー・アニング	槍	1	1,438	7,194	1,013	5,574	人	0.41	0.41	0.41	0.41	0.41	4	11.8	87	36	3	3	3	5	4	ＱＡＡＢＢ	女	中立	中庸	
342	コンスタンティノス11世	騎	5	2,046	13,953	1,688	10,923	人	0.52	0.52	0.52	0.52	0.52	3	8.9	198	45	4	3	4	5	0	ＱＡＡＢＢ	男	秩序	善	騎乗 ﾛｰﾏ 愛する者 王
343	シャルルマーニュ	剣	5	2,089	14,248	1,856	12,015	星	0.48	0.48	0.48	0.48	0.48	3	10	102	21	3	5	4	5	12	ＱＱＡＡＢ	男	秩序	善	騎乗 ﾛｰﾏ 愛する者 王 ｴﾇﾏ特攻無効
344	ローラン	剣	4	1,966	12,293	1,614	9,687	地	0.83	0.83	0.83	0.83	0.83	3	10	100	28	2	3	3	5	4	ＱＡＡＢＢ	男	秩序	善	騎乗 愛する者
345	クリームヒルト	狂	4	1,587	9,922	1,733	10,400	地	0.53	0.53	0.53	0.53	0.53	5	4.9	10	39	3	3	3	5	4	ＱＡＡＢＢ	女	混沌	中庸	
346	ジェームズ・モリアーティ	裁	5	2,183	14,887	1,615	10,450	人	0.37	0.37	0.37	0.37	0.37	3	10	102	24.5	4	4	4	5	4	ＱＡＡＡＢ	男	混沌	悪	
347	ドン・キホーテ	槍	4	2,019	12,622	1,440	8,643	地	0.71	0.71	0.71	0.71	0.71	4	11.8	93	32	3	2	5	5	5	ＱＱＡＢＢ	男	秩序	善	騎乗 愛する者 ｹﾓﾉ科
348	張角	術	3	1,711	9,506	1,252	6,744	人	0.61	0.61	0.61	0.61	0.61	3	10.7	51	34.5	3	3	4	4	5	ＱＱＡＡＢ	男	混沌	善	
349	曲亭馬琴	騎	5	2,090	14,256	1,657	10,723	人	0.41	0.41	0.41	0.41	0.41	3	9	197	33.7	3	2	3	6	4	ＱＱＡＡＢ	女	秩序	中庸	騎乗 神性
350	源為朝	弓	5	1,959	13,362	1,926	12,465	人	0.56	0.56	0.56	0.56	0.56	3	8	156	40.5	3	4	3	5	4	ＱＡＡＢＢ	男	中立	中庸	愛する者 機械 源氏
351	アーキタイプ：アース	月	5	2,079	14,175	1,792	11,601	星	0.45	0.45	0.45	0.45	0.45	3	15	50	0.6	4	3	4	5	4	ＱＡＡＢＢ	女		善	ｴﾇﾏ特攻無効 混沌@ 中立@1
352	徐福	分	3	1,675	9,310	1,359	7,318	人	0.59	0.59	0.59	0.59	0.59	4	9.8	100	28.7	3	4	5	4	0	ＱＱＡＡＢ	女	混沌	中庸	
353	レディ・アヴァロン	詐	5	2,027	13,822	1,786	11,556	地	0.53	0.53	0.53	0.53	0.53	3	19.8	102	16.5	3	4	4	5	0	ＱＡＡＡＢ	女	混沌	善	円卓 夏モード
354	ガレス	剣	4	2,205	13,783	1,353	8,119	地	0.82	0.82	0.82	0.82	0.82	3	10.2	98	31.5	2	4	3	5	4	ＱＡＡＢＢ	女	秩序	夏	騎乗 愛する者 円卓 夏モード
355	伊吹童子	狂	5	1,782	12,150	2,003	12,961	天	0.38	0.38	0.38	0.38	0.38	5	4.9	9	32.5	3	4	3	5	5	ＱＡＡＢＢ	女	混沌	夏	神性 魔性 竜 神霊 巨人 ｹﾓﾉ科 夏モード 鬼
356	宇津見エリセ	讐	4	1,568	9,801	1,706	10,239	人	0.53	0.53	0.53	0.53	0.53	5	6	29	8	3	2	4	5	4	ＱＱＡＡＢ	女	秩序	中庸	騎乗 神性 今を生きる人類 子供 夏モード
357	スカサハ＝スカディ	裁	5	2,178	14,850	1,679	10,868	天	0.78	0.78	0.78	0.78	0.78	3	9.8	102	17.5	3	4	4	5	6	ＱＱＡＢＢ	女	混沌	夏	神性 神霊 王 夏モード
358	武則天	術	4	1,746	10,914	1,582	9,492	人	0.61	0.61	0.61	0.61	0.61	3	10.7	52	36	3	2	5	5	5	ＱＡＡＢＢ	女	秩序	悪	王 夏モード
359	スルーズ	殺	4	1,692	10,580	1,623	9,741	天	0.23	0.23	0.23	0.23	0.23	4	25.5	100	31.6	4	3	3	5	10	ＱＱＡＡＢ	女	秩序	夏	神性 神霊 戦乙女 夏モード
360	ヒルド	殺	4	1,692	10,580	1,623	9,741	天	0.23	0.23	0.23	0.23	0.23	4	25.5	100	31.6	4	3	3	5	10	ＱＱＡＡＢ	女	秩序	夏	神性 神霊 戦乙女 夏モード
361	オルトリンデ	殺	4	1,692	10,580	1,623	9,741	天	0.23	0.23	0.23	0.23	0.23	4	25.5	100	31.6	4	3	3	5	10	ＱＱＡＡＢ	女	秩序	夏	神性 神霊 戦乙女 夏モード
362	千利休	狂	5	1,764	12,028	1,926	12,463	人	0.7	0.7	0.7	0.7	0.7	5	4.9	9	45.5	3	3	5	5	6	ＱＱＱＡＢ	女	混沌	悪	
363	山南敬助	剣	4	1,999	12,498	1,454	8,726	人	0.81	0.81	0.81	0.81	0.81	3	9.9	98	35	2	3	3	5	0	ＱＱＡＡＢ	男	秩序	善	騎乗 新選組
364	壱与	裁	4	1,881	11,756	1,496	8,977	地	0.41	0.41	0.41	0.41	0.41	3	10.1	99	24.5	4	3	4	5	4	ＱＱＡＡＢ	女	秩序	悪	王
365	呼延灼	殺	5	1,965	13,402	1,700	11,004	人	0.53	0.53	0.53	0.53	0.53	4	25.5	98	49.5	4	3	4	5	8	ＱＱＡＢＢ	女	混沌	悪	騎乗 魔性 猛獣 愛する者 梁山泊 ｹﾓﾉ科
366	黄飛虎	騎	4	1,958	12,240	1,469	8,817	地	0.42	0.42	0.42	0.42	0.42	3	9	200	45	4	3	4	5	5	ＱＡＡＢＢ	男	混沌	善	騎乗 神性 愛する者
367	九紋竜エリザ	詐	4	1,768	11,055	1,606	9,639	人	0.77	0.77	0.77	0.77	0.77	3	20	104	21	3	3	4	5	9	ＱＱＡＢＢ	女	混沌	悪	竜 愛する者 梁山泊 子供
